datetime,task,sentiment,user_phrase,response_delay_sec,task_completed
2025-04-01 06:10:00,Brush teeth,Negative,"AI: Time to brush your teeth.
User: What’s the point?
AI: Keeping routines helps mental health.
User: Fine.",34,True
2025-04-01 07:50:00,Take meds,Negative,"AI: It's med time.
User: Can I skip just today?
AI: It's important to be consistent.
User: I know. Not now.",45,False
2025-04-01 08:20:00,Eat breakfast,Neutral,"AI: Time for breakfast.
User: What’s even the point?
AI: You need energy, even if you feel low.
User: I’ll eat something small.",39,True
2025-04-02 06:05:00,Brush teeth,Neutral,"AI: Let's brush your teeth.
User: Okay.
AI: Proud of you for showing up.
User: Thanks.",18,True
2025-04-02 07:35:00,Take meds,Positive,"AI: Meds time.
User: Already took them.
AI: That’s awesome!
User: Trying to stay consistent.",10,True
2025-04-02 08:10:00,Eat breakfast,Positive,"AI: Breakfast?
User: Made eggs and toast.
AI: Perfect start.
User: Feeling okay today.",20,True
2025-04-03 06:12:00,Brush teeth,Negative,"AI: Brush now?
User: No energy.
AI: Even a little is progress.
User: Skipping.",50,False
2025-04-03 07:40:00,Take meds,Neutral,"AI: Time to take your meds.
User: Alright.
AI: Let me know when done.
User: Done.",26,True
2025-04-03 08:15:00,Eat breakfast,Negative,"AI: You should eat.
User: Not hungry.
AI: Skipping too often isn't good.
User: I know.",33,False
